hotel,b,d,u
Hotel Russo Palace,0.43,0.54,0.03
Americas Best Value Inn,0.3,0.7,0.0
Intermezzo,0.0,0.33,0.67
Studio 6,0.0,0.67,0.33
Little Paradise Hotel,0.47,0.44,0.09
Comfort Suites,0.43,0.56,0.01
Thunderbird Executive Inn and Conference Center,0.11,0.22,0.67
Little Belt Inn Neihart,0.0,0.5,0.5
Hawthorn Suites By Wyndham Livermore Wine Country,0.42,0.56,0.02
Fairfield Inn By Marriott Binghamton,0.44,0.53,0.03
Howard Johnson,0.24,0.43,0.33
La Quinta,0.21,0.59,0.2
Days Inn El Reno Ok,0.31,0.63,0.06
Gresham Area Hotels,0.0,0.33,0.67
Berney Fly Bed and Breakfast,0.48,0.47,0.05
Polynesian Plaza,0.32,0.59,0.09
Hotel Vier Jahreszeiten KÜhlungsborn,0.43,0.53,0.04
The Point,0.45,0.41,0.14
The Houstonian Hotel,0.5,0.47,0.03
Best Western Plus Waterville Grand Hotel,0.4,0.59,0.01
The Amble Inn,0.0,0.33,0.67
Howard Johnson Inn Columbia,0.36,0.62,0.02
Osage Village Inn,0.41,0.48,0.11
Super 8 Columbia Dwntwn Sc,0.2,0.72,0.08
The Kingsport Inn,0.0,0.33,0.67
Azul Beach Hotel By Karisma Gourmet Inclusive,0.41,0.48,0.11
Red Roof Inn,0.06,0.44,0.5
Ocean Breeze Motel Apts,0.22,0.28,0.5
Days Inn Branson / Near The Strip,0.4,0.57,0.03
Country Lodge Motel,0.37,0.46,0.17
The Inn @ St. Botolph,0.46,0.45,0.09
Quality Inn,0.33,0.66,0.01
Comfort Suites Southport,0.42,0.55,0.03
Ramada,0.4,0.57,0.03
Ambassadors Inn and Suites,0.29,0.69,0.02
Tryp Dusseldorf Krefeld Hotel,0.43,0.53,0.04
Rodeway Inn,0.3,0.64,0.06
Centennial Bed and Breakfast,0.35,0.47,0.18
Americinn Lodge Suites Oscoda - Ausable River,0.47,0.42,0.11
Bridgetown Mill House Restaurant Inn,0.33,0.52,0.15
Gran Melia Victoria,0.49,0.48,0.03
Kaier Mansion,0.0,0.33,0.67
The National Conference Center,0.36,0.6,0.04
Holiday Inn Express & Suites Lenoir City (knoxville Area),0.37,0.58,0.05
Manor Vail Lodge,0.0,0.6,0.4
Economy Inn,0.2,0.74,0.06
"The Golden Hotel, An Ascend Hotel Collection Member",0.0,0.33,0.67
Hyatt Regency Reston,0.0,0.0,1.0
Glendale Gaslight Inn,0.22,0.28,0.5
Super 8,0.23,0.67,0.1
Motel 6,0.28,0.62,0.1
Country Inn Walker,0.49,0.49,0.02
Mt Gardner Inn,0.5,0.44,0.06
Hotel De La Ville,0.5,0.47,0.03
Econo Lodge St Robert,0.31,0.61,0.08
La Quinta Inn-houston,0.44,0.36,0.2
Best Western Plus,0.0,0.0,1.0
La Quinta Inn & Suites Auburn,0.46,0.5,0.04
"The Citizen Hotel, Autograph Collection",0.5,0.46,0.04
Super 8 Ithaca,0.36,0.61,0.03
Big Mountain Lodge,0.41,0.54,0.05
Holiday Inn Express Atlanta Ne - I-85 Clairmont,0.0,0.0,1.0
Springhill Suites Columbia,0.44,0.54,0.02
Sportsmen Motel,0.18,0.15,0.67
North Country Inn B & B,0.4,0.48,0.12
Microtel of Ste Genevieve,0.0,0.0,1.0
Days Inn Barstow,0.25,0.46,0.29
Unionport Lodge No 333 F A M,0.0,0.33,0.67
Doubletree By Hilton Hotel Bay City - Riverfront,0.49,0.5,0.01
Hilton Garden Inn Burlington Downtown,0.4,0.51,0.09
Doubletree By Hilton West Palm Beach Airport,0.45,0.54,0.01
Courtyard Hattiesburg,0.35,0.5,0.15
Janmere Motel,0.28,0.55,0.17
Skidway Lake Motel,0.29,0.46,0.25
El Cortez,0.24,0.59,0.17
Enchanted Castle Hotel,0.33,0.27,0.4
Extended Stay America - Chicago - Westmont - Oak Brook,0.3,0.67,0.03
Extended Stay America,0.18,0.42,0.4
Econo Lodge,0.43,0.54,0.03
Hometown Inn,0.3,0.57,0.13
Days Inn Brookings,0.28,0.68,0.04
Pheasant Manor,0.0,0.33,0.67
Spirit Tree Inn B & B,0.0,0.0,1.0
Durango Travelodge,0.31,0.66,0.03
Americinn Lodge and Suites,0.0,0.33,0.67
Residence Inn Billings,0.46,0.49,0.05
Best Western Plus Arlington North Hotel and Suites,0.46,0.51,0.03
Knights Inn,0.0,0.33,0.67
La Quinta Inn and Suites Tucson - Reid Park,0.42,0.55,0.03
Staybridge Suites Tyler University Area,0.46,0.47,0.07
Country Inn and Suites By Carlson Corbin,0.43,0.55,0.02
Best Western Owasso Inn & Suites,0.34,0.54,0.12
Truckee Tahoe Htl Larkspur,0.0,0.33,0.67
Wyndham Resort At Fairfield Mountains,0.38,0.5,0.12
Quality Inn Spearfish,0.44,0.52,0.04
The White House Inn,0.0,0.33,0.67
Inn At Queen Anne,0.33,0.65,0.02
Comfort Inn,0.44,0.55,0.01
Budget Inn South,0.13,0.47,0.4
Residence Inn By Marriott Irvine John Wayne Airport,0.47,0.51,0.02
Blue Top Inn,0.33,0.5,0.17
Days Inn Warren,0.41,0.57,0.02
Budget Host Inn,0.34,0.51,0.15
Howard Johnson Gallup,0.0,0.0,1.0
Desert Sands Motel,0.19,0.63,0.18
Davison St Guest House,0.0,0.33,0.67
Travelodge,0.04,0.29,0.67
Parkway Inn Jellico,0.11,0.39,0.5
Days Inn & Suites Vicksburg,0.0,0.0,1.0
Chippewa Hotel,0.0,0.33,0.67
Martin Mason Hotel,0.43,0.5,0.07
Comfort Inn and Suites O'fallon,0.36,0.6,0.04
La Quinta Inn & Suites Dublin,0.44,0.53,0.03
Sheraton Mission Valley San Diego Hotel,0.41,0.48,0.11
The Bluffs Inn Suites,0.04,0.29,0.67
Astro Motel,0.04,0.29,0.67
Best Western Luxury Inn,0.24,0.36,0.4
Extended Stay America San Diego - Carlsbad Village By The Sea,0.3,0.63,0.07
Seaside Oceanfront Inn & Restaurant,0.0,0.0,1.0
Lakeview Lodge,0.25,0.25,0.5
Extended Stay America - Los Angeles - Ontario Airport,0.0,0.0,1.0
Days Inn Marion,0.07,0.26,0.67
Protection Motel,0.0,0.33,0.67
Town Country Motel,0.4,0.5,0.1
Ramada Inn,0.06,0.61,0.33
Holiday Inn Canyon De Chelly,0.43,0.54,0.03
Lake Motel,0.41,0.5,0.09
Arcola Inn,0.09,0.51,0.4
Landmark Inn Lakes-mountain Region,0.0,0.33,0.67
Haltom Inn,0.25,0.68,0.07
Noyo Harbor Inn,0.0,0.33,0.67
Candlewood Suites West Springfield,0.34,0.58,0.08
Alyssa's Motel,0.0,0.33,0.67
Holiday Inn Express & Suites Portland,0.43,0.47,0.1
Royal Inn,0.4,0.43,0.17
Columbia Gorge Riverside Lodge,0.0,0.6,0.4
Cypress Suites,0.0,0.33,0.67
Best Western Burlington Inn,0.0,0.0,1.0
Eldorado Suites Hotel,0.51,0.46,0.03
Bent Elbow,0.33,0.52,0.15
Penzion Accom,0.28,0.39,0.33
La Quinta Inn and Suites Sunrise,0.4,0.59,0.01
Americana Resort Properties,0.0,0.33,0.67
Knights Inn Aiken,0.22,0.73,0.05
Inroads Ireland Tours,0.18,0.15,0.67
Mansfield Plantation Inc,0.44,0.44,0.12
Holiday Inn Express Pinetop,0.0,0.0,1.0
"Holiday Inn Express Howe (sturgis, Mi)",0.0,0.0,1.0
Deluxe Inn Merrillville,0.14,0.64,0.22
Super 8 Pittsburgh/monroeville,0.31,0.65,0.04
La Quinta Inn,0.0,0.0,1.0
Townplace Suites By Marriott,0.0,0.33,0.67
Cadillac Motel,0.04,0.29,0.67
Hyatt Regency Kathmandu,0.79,0.17,0.04
Mainsail Motel & Cottages,0.48,0.42,0.1
Fairfield Inn & Suites Peoria East,0.43,0.5,0.07
Holiday Inn Express and Suites Canyonville,0.45,0.51,0.04
Solstice,0.3,0.68,0.02
Country Inns Suites,0.08,0.59,0.33
Dead Broke Inn,0.0,0.33,0.67
Hampton Inn & Suites Crescent City,0.0,0.0,1.0
The Grove Seaside Hotel,0.39,0.49,0.12
Savaii Roberts Motels,0.0,0.33,0.67
"The Alexandrian, Autograph Collection",0.5,0.5,0.0
"Hotel Monaco Chicago, A Kimpton Hotel",0.42,0.41,0.17
Rips Country Inn,0.0,0.0,1.0
Holiday Inn Express Gatesville,0.0,0.33,0.67
Hilton Garden Inn Kauai Wailua Bay,0.41,0.54,0.05
Holiday Inn Express Hotel and Suites Memphis Southwind,0.41,0.56,0.03
Clarion,0.0,0.0,1.0
Mountain Lodge At Telluride - A Noble House Resort,0.48,0.51,0.01
Hampton Inn New Orleans - Downtown,0.5,0.47,0.03
Baymont Inn and Suites Enid,0.42,0.54,0.04
Quality Inn & Suites,0.35,0.62,0.03
Super 8 Carlisle-south,0.0,0.33,0.67
Americinn Coralville,0.37,0.61,0.02
Travelodge Shakopee,0.19,0.68,0.13
Hampton Inn Fayetteville Fort Bragg,0.44,0.54,0.02
Four Points-kansas,0.0,0.0,1.0
Cliff's Motor Inn,0.04,0.29,0.67
Days Inn & Suites Castle Rock,0.29,0.69,0.02
Candlewood Suites Olathe,0.37,0.48,0.15
Holiday Inn Express,0.14,0.36,0.5
Super 8 Alamosa,0.41,0.53,0.06
The Miner's Inn Motel Restaurant,0.0,0.33,0.67
Extended Stay America - Orlando Theme Parks - Vineland Rd.,0.36,0.62,0.02
White Cliff Manor Bed and Breakfast,0.44,0.39,0.17
Fiesta Inn Centro Historico,0.47,0.5,0.03
Pine Needles Golf Course,0.0,0.33,0.67
Days Inn Bloomington,0.34,0.55,0.11
Fairfield Inn/suites-marriott,0.18,0.15,0.67
Holiday Inn Express Hotel & Suites Hillview,0.0,0.0,1.0
Marquesa Hotel & Cafe Marquesa,0.0,0.0,1.0
Best Western,0.0,0.0,1.0
Mandarin Oriental Jakarta,0.51,0.47,0.02
Barber Joyce,0.0,0.33,0.67
Sunset Inn-yosemite Cabins,0.0,0.33,0.67
Ramada Vandalia,0.39,0.59,0.02
Holiday Inn Express & Suites Weslaco,0.0,0.0,1.0
Super 8 Elko Nv,0.33,0.64,0.03
Hotel Borgo Verde,0.44,0.51,0.05
Vista Hotel On Lake Tarpon,0.38,0.59,0.03
Miramar Boutique Hotel,0.45,0.49,0.06
Best Western Plus French Quarter Landmark Hotel,0.46,0.53,0.01
Red Carpet Inn,0.27,0.62,0.11
Adria Motor Inn,0.0,0.33,0.67
Quality Inn and Suites,0.33,0.66,0.01
Village Lodge,0.37,0.5,0.13
Super 8 Manhattan Ks,0.35,0.62,0.03
Olde Bridge Inn,0.0,0.33,0.67
Raintree Inn,0.36,0.5,0.14
Garden Bed and Breakfast,0.35,0.32,0.33
Alpine Motel,0.18,0.15,0.67
Wine Valley Lodge,0.44,0.55,0.01
Hilton Garden Inn Austin Nw - Arboretum,0.44,0.53,0.03
The Governor Hotel,0.38,0.54,0.08
Pullman Rail Journeys,0.43,0.46,0.11
Motor Inns of America,0.21,0.62,0.17
Profile Deluxe Motel,0.49,0.43,0.08
American Star Inn and Suites Atlantic City,0.27,0.7,0.03
Meadow Farm Bed and Breakfast,0.45,0.38,0.17
Days Inn Kuttawa,0.42,0.51,0.07
Hotel Relais De Margaux Golf and Spa,0.44,0.53,0.03
Hyatt Place San Antonio Airport - Quarry Market,0.4,0.58,0.02
Discovery Inn,0.27,0.7,0.03
Holiday Inn Lumberton North - I-95,0.0,0.0,1.0
Old Saco Inn Bed & Breakfast,0.0,0.5,0.5
Hotel Millersburg,0.41,0.51,0.08
Springhill Suites,0.0,0.33,0.67
Stratford Inn,0.0,0.33,0.67
Comfort Inn Livermore,0.4,0.57,0.03
Body Tuneup,0.0,0.33,0.67
Adobe Nido Bed & Breakfast,0.0,0.0,1.0
Tulip Inn Turin West,0.44,0.5,0.06
Hotel Portaventura,0.41,0.56,0.03
Relax Inn,0.0,0.33,0.67
Hotel Olcott,0.28,0.22,0.5
Radisson Hotel Hauppauge-long Island,0.19,0.31,0.5
Quality Inn & Suites Hanes Mall,0.33,0.58,0.09
Robins Roost Cabins,0.0,0.33,0.67
Hampton Inn,0.11,0.49,0.4
Candlewood Suites Huntersville,0.44,0.53,0.03
Super 8 Longmont / Del Camino,0.32,0.63,0.05
Holiday Inn Express Dahlonega,0.44,0.54,0.02
Briarcliff,0.44,0.42,0.14
Lake Hill Cabins,0.0,0.33,0.67
Warwick Denver,0.4,0.57,0.03
Econo Lodge Inn & Suites,0.0,0.0,1.0
Falls Motel,0.33,0.52,0.15
Holiday Inn Express Hotel and Stes Port Clinton-catawba Island,0.39,0.59,0.02
Berkshire By The Sea A Vri Resort,0.45,0.38,0.17
Days Inn Bangor Airport,0.39,0.57,0.04
Fireline Hotel,0.0,0.67,0.33
Brooks Donald L Jr,0.0,0.33,0.67
Days Inn Geneva,0.27,0.48,0.25
Fh Hotel Villa Fiesole,0.47,0.5,0.03
Clarion Inn,0.3,0.53,0.17
Porto Vista Hotel,0.25,0.42,0.33
The Litchfield Inn,0.0,0.87,0.13
Sam's Town Hotel & Gmblng Hall,0.0,0.0,1.0
Hotel Deca - A Noble House Hotel,0.42,0.57,0.01
Boiling Springs Resort Canoe Rental,0.15,0.52,0.33
Advance Motel,0.04,0.29,0.67
Edgewater Inn & Cottages,0.0,0.33,0.67
Hilton Princess San Pedro Sula,0.46,0.49,0.05
Pelican Shores Inn,0.74,0.23,0.03
Hyatt Place Utica,0.48,0.49,0.03
Hotel Roc Lago Rojo,0.4,0.57,0.03
Amisos Hotel,0.4,0.54,0.06
Red Banks Motel,0.17,0.33,0.5
Hotel Guadalmedina,0.0,0.0,1.0
Intercontinental Hotels Resorts,0.0,0.33,0.67
Greektown Casino,0.0,0.0,1.0
The Kinney - Venice Beach,0.44,0.52,0.04
Scenic View Motel,0.18,0.15,0.67
Holiday Inn Rutland-killington Area,0.0,0.0,1.0
Plaza Hotel and Casino - Las Vegas,0.36,0.63,0.01
Monarch of Rancho Mirag,0.37,0.41,0.22
Seiling Motel,0.34,0.44,0.22
Quality Inn Johnson City,0.4,0.57,0.03
Fort Conde Inn,0.49,0.44,0.07
Regency Inn Motel,0.0,0.33,0.67
Super 8 Dallas South,0.3,0.67,0.03
Baymont Inn & Suites Griffin,0.44,0.53,0.03
Holiday Inn Express - Harrisburg East,0.41,0.57,0.02
Kilauea Lodge Restaurant,0.18,0.15,0.67
Dallas/fort Worth Marriott Solana,0.47,0.49,0.04
Old Wheeler Hotel,0.3,0.37,0.33
The Chestnut Boutique Hotel,0.42,0.51,0.07
Red Fox Motel,0.0,0.33,0.67
The Inn On Negley,0.52,0.41,0.07
Wyndham Vacation Resorts Towers On The Grove,0.41,0.5,0.09
America's Best Value Inn,0.18,0.67,0.15
Super 8 Kingston,0.37,0.59,0.04
Leakey Springs Cabins,0.0,0.33,0.67
Hotel Mc Call,0.44,0.49,0.07
Super 8 Worthington Minnesota,0.26,0.7,0.04
Quality Inn Near Six Flags,0.39,0.57,0.04
Americinn Lodge Suites Austin,0.45,0.49,0.06
Holiday Inn Spearfish-convention Center,0.22,0.28,0.5
Mar Mar Resort Tackle,0.3,0.37,0.33
Cambria Hotel & Suites,0.48,0.49,0.03
Best Western Hotel Goldenmile Milan,0.0,0.0,1.0
Rideout's Lakeside Lodge Cottages,0.0,0.33,0.67
Days Inn Ruther Glen Kings Dominion Area,0.24,0.72,0.04
Pueblo Bonito Sunset Beach Resort & Spa - All Inclusive,0.44,0.54,0.02
Turf Motel,0.34,0.57,0.09
Homewood Suites By Hilton,0.0,0.0,1.0
Rangeland Court Motel & Rv,0.45,0.38,0.17
Red Roof Inn St Louis - Troy,0.43,0.55,0.02
Best Western Plus-seaport Inn,0.37,0.3,0.33
Hampton Inn Abilene,0.46,0.52,0.02
Aspen Alps,0.45,0.38,0.17
Holiday Inn Express Henderson,0.0,0.0,1.0
Country Inn and Suites By Carlson,0.39,0.57,0.04
Main Street Bed & Breakfast,0.48,0.39,0.13
Tidewater Inn,0.37,0.62,0.01
Uptown Motel,0.13,0.65,0.22
Villa Carlotta,0.53,0.43,0.04
Extended Stay America - Fort Lauderdale - Davie,0.32,0.65,0.03
Spruce Meadow Cabins,0.0,0.5,0.5
Silver Run Cabins,0.48,0.39,0.13
Jacksonville Plaza Hotel and Suites,0.39,0.6,0.01
Hawthorn Suites Dayton North,0.25,0.71,0.04
Suburban Extended Stay of Memphis Bartlett,0.23,0.69,0.08
Knights Inn Durango Co,0.0,0.33,0.67
Homewood Suites - Mall of America,0.46,0.51,0.03
Days Inn,0.35,0.59,0.06
Twelve Hotels & Residences,0.36,0.6,0.04
Embassy Suites By Hilton Houston Downtown,0.46,0.37,0.17
Super 8 Cloquet,0.38,0.53,0.09
Extended Stay America - Rockford - I-90,0.4,0.57,0.03
Bailey Hotel,0.0,0.33,0.67
Red Rest Inn,0.34,0.63,0.03
Colonial Inns of Ontario,0.15,0.18,0.67
Hotel Silken Siete Coronas,0.48,0.5,0.02
Corey Motel,0.0,0.33,0.67
Cherry Orchard Inn,0.32,0.65,0.03
Hotel Vorbach,0.42,0.53,0.05
Eden Park Guest House,0.2,0.68,0.12
Lakeway Resort & Spa,0.48,0.5,0.02
Knights Inn Amarillo Airport,0.17,0.74,0.09
La Quinta Inn and Suites Nashville Franklin,0.37,0.61,0.02
Close For You,0.0,0.33,0.67
Blue Jay Motel,0.5,0.43,0.07
Chelsea Inn,0.43,0.56,0.01
Whiteface Chalet,0.0,0.5,0.5
Homewood Suites,0.0,0.5,0.5
Super 8 Motel Fairmont,0.36,0.55,0.09
Great Basin Inn,0.24,0.59,0.17
Comfort Inn - Springfield,0.42,0.56,0.02
Stirling City Hotel,0.0,0.33,0.67
Sombrero Resort and Marina,0.29,0.69,0.02
Key West Inn - Clanton,0.29,0.54,0.17
Days Inn West Memphis,0.36,0.62,0.02
Worldwide Hospitality Supply Company,0.0,0.33,0.67
Plantation Inn,0.07,0.53,0.4
Comfort Suites South,0.0,0.6,0.4
Marriott Hotels Resorts Suites,0.0,0.0,1.0
Sybaris Pool Suites,0.42,0.33,0.25
Miss Kitty's Boarding House,0.0,0.33,0.67
Sheraton Offenbach Hotel,0.41,0.55,0.04
Extended Stay America - Raleigh - Cary - Regency Parkway S,0.34,0.63,0.03
Suburban Extended Stay Warner Robins,0.35,0.55,0.1
Jvd Hotels,0.25,0.72,0.03
Holiday Inn-bayside,0.0,0.0,1.0
Pavilion Lodge,0.0,0.33,0.67
Ritz Hotel,0.0,0.33,0.67
Arrowhead Motel and Rv Park,0.47,0.38,0.15
Parkside Inn At Incline,0.4,0.58,0.02
Saddleback Motor Inn,0.0,0.33,0.67
Sherwood Hills Resort,0.0,0.0,1.0
Holiday Inn Express Hotel and Suites Raleigh-wakefield,0.48,0.49,0.03
Arion,0.48,0.47,0.05
Una Hotel Forte Dei Marmi,0.43,0.53,0.04
Days Inn Newton,0.0,0.0,1.0
A Swallow's Nest Motel,0.0,0.33,0.67
Canyon Gate Motel,0.3,0.55,0.15
Cascabel,0.0,0.33,0.67
Hampton Inn & Suites Fort Worth-west-i-30,0.51,0.47,0.02
Fireside Inn Santa Cruz,0.34,0.63,0.03
Mandarin Oriental Hotel Group,0.11,0.22,0.67
Bellaire Motel Lodge,0.0,0.5,0.5
"Palomar Washington Dc, A Kimpton Hotel",0.25,0.25,0.5
Bay Shores Yachttennisclub 514 2 Br Condo By Redawning,0.46,0.39,0.15
Hilton Santo Domingo,0.45,0.51,0.04
Atlantic House,0.27,0.62,0.11
Frontier Cabins Motel,0.0,0.33,0.67
Samui Cliff View Resort & Spa,0.39,0.53,0.08
Country Inn & Suites By Carlson,0.43,0.54,0.03
Hampton Inn-st Robert,0.0,0.0,1.0
Best Western Holiday Hills,0.46,0.51,0.03
Tiffany House Bed & Breakfast,0.0,0.33,0.67
Progress Management Co,0.0,0.33,0.67
Norwood Inn and Suites,0.15,0.82,0.03
Howard Johnson Inn - Newburgh,0.31,0.69,0.0
Holiday Inn Express Colton-riverside North,0.35,0.63,0.02
Sutton Bay Resort,0.0,0.0,1.0
La Quinta Inn Calhoun,0.45,0.53,0.02
Colonial Motel,0.0,0.33,0.67
Fairfield Inn Saginaw,0.47,0.51,0.02
Extended Stay America Philadelphia - Exton,0.0,0.5,0.5
Saco River Recreational Council,0.0,0.33,0.67
Ihg,0.0,0.5,0.5
Red Roof Inn Somerset,0.0,0.0,1.0
Wallowa Lake Vacation Rentals,0.0,0.33,0.67
Hotel Casena Dei Colli,0.4,0.57,0.03
Chalet Leon At Hector Falls,0.0,0.33,0.67
Fairfield Inn Suites Chattanooga South/east Ridge,0.43,0.51,0.06
Midvalley Motel,0.0,0.33,0.67
Ubaa Old Crawford Inn,0.15,0.18,0.67
Holiday Inn Express Hotel Suites Sedalia,0.41,0.42,0.17
Hampton Inn & Suites Syracuse/carrier Circle,0.45,0.46,0.09
Quality Inn and Suites Eugene-springfield,0.42,0.55,0.03
Four Points By Sheraton Memphis Southwind,0.39,0.5,0.11
Americinn Lodge Suites Princeton,0.51,0.45,0.04
Juniper Lane Guest House,0.41,0.44,0.15
Bosselmans Pump Pantry Motel,0.19,0.31,0.5
Harrah's Laughlin Hotel and Casino,0.36,0.62,0.02
Americas Best Value Inn and Suites,0.28,0.68,0.04
Masters Inn,0.06,0.44,0.5
The Westin Europa and Regina,0.46,0.5,0.04
Super 8 Opelousas,0.23,0.52,0.25
Melia Paris Champs-elys��es,0.43,0.53,0.04
Sci�� On Martin,0.33,0.42,0.25
Springhill Suites By Marriott South Bend/mishawaka,0.0,0.0,1.0
Inn At The River,0.0,0.33,0.67
Country Inn and Suites By Carlson Charlotte University Place,0.44,0.54,0.02
Holiday Inn Express Eagle,0.0,0.0,1.0
Sir Walter Raleigh Inns of Greenbelt,0.0,0.33,0.67
Gardena Terrace Inn,0.38,0.6,0.02
Quality Suites Intercontinental Airport West,0.41,0.56,0.03
1785 Inn,0.26,0.63,0.11
Best Western Knoxville Suites,0.43,0.54,0.03
The Jayakarta Bali,0.35,0.62,0.03
Holiday Inn Express Grove City (outlet Center),0.45,0.5,0.05
Hotel Aura Sfo,0.43,0.55,0.02
Hampton Inn Bloomington West,0.48,0.48,0.04
Quality Inn & Suites Historic St. Charles,0.0,0.0,1.0
Best Western Plus San Marcos Inn,0.41,0.57,0.02
Budget Inn-santa Maria,0.04,0.29,0.67
Equestrian Estates Horse Farm Bed and Breakfast,0.41,0.46,0.13
Comfort Inn Deland - Near University,0.47,0.5,0.03
Boardroom Motel,0.24,0.62,0.14
Carleton Hotel,0.0,0.33,0.67
Wisconsin-aire Motel,0.37,0.41,0.22
High Desert Motel,0.38,0.53,0.09
Best Western of Long Beach,0.41,0.58,0.01
Days Inn Berea Ky,0.0,0.0,1.0
East Side Motel Cabins,0.28,0.22,0.5
Abbeville Inn,0.0,0.0,1.0
Comfort Suites Mount Vernon,0.43,0.4,0.17
Holiday Inn Express & Suites Phoenix Downtown - Ballpark,0.47,0.5,0.03
Holiday Inn Express Hotel Suites Cookeville,0.19,0.31,0.5
Fairbridge Inn,0.26,0.71,0.03
Four Seasons Country Inn,0.4,0.49,0.11
Gooding Hotel Bed Breakfast,0.43,0.4,0.17
Grand Hotel Cadenabbia,0.37,0.6,0.03
Pillar Hotels Resorts,0.0,0.33,0.67
Hotel An Der Philharmonie,0.43,0.54,0.03
Microtel Inn,0.0,0.0,1.0
Crestview Condominiums,0.42,0.44,0.14
Comfort Hotel Nation Pere Lachaise Paris 11,0.38,0.59,0.03
Cedar Crest Inn,0.0,0.5,0.5
Spring Fountain Motel,0.0,0.33,0.67
Innisbrook,0.45,0.52,0.03
Cougar Crest Lodge,0.46,0.37,0.17
Springhill Suites By Marriott Sarasota Bradenton,0.38,0.56,0.06
Fairfield Inn and Suites By Marriott Plainville,0.46,0.51,0.03
Holiday Inn Express Hotel & Suites Chicago-deerfield/lincolnshire,0.43,0.43,0.14
Camelback Resort Aquatopia Indoor Waterpark,0.16,0.44,0.4
Marriott's Mountainside At Park City,0.45,0.52,0.03
Fairfield Inn & Suites Atlanta Perimeter Center,0.4,0.58,0.02
Hampton Inn Jackson Hole,0.0,0.0,1.0
Shoshone Lodge,0.0,0.33,0.67
Magton Inc,0.0,0.33,0.67
Quality Inn & Suites - Riverfront,0.0,0.33,0.67
Super 8 Schenect/albany Area,0.36,0.62,0.02
Intown Suites El Paso,0.17,0.61,0.22
Extended Stay America - Columbia - Northwest Harbison,0.37,0.6,0.03
Hilton San Diego Airport/harbor Island,0.43,0.55,0.02
Candlewood Suites Oklahoma City-moore,0.52,0.45,0.03
Holiday Inn Express & Suites Bay City,0.39,0.55,0.06
Rodeway Inn-tacoma,0.0,0.0,1.0
Western Inn-glacier Park,0.34,0.63,0.03
Americinn Lodge & Suites Appleton,0.33,0.61,0.06
Hampton Inn Sarasota - I-75 Bee Ridge,0.41,0.58,0.01
Amerihost Inn,0.0,0.33,0.67
Country Inn and Suites By Carlson Galena,0.47,0.52,0.01
Days Inn Suites,0.0,0.33,0.67
Hampton Inn Roanoke/salem,0.43,0.43,0.14
School House Motel,0.0,0.33,0.67
1900 House,0.44,0.44,0.12
Excellence Riviera Cancun - Adults Only - All Inclusive,0.53,0.44,0.03
Hyatt Centric Arlington,0.41,0.42,0.17
Days Inn Bowling Green,0.18,0.76,0.06
Hotel Metropole,0.49,0.48,0.03
Inn & Suites,0.0,0.0,1.0
Anglers Inn,0.42,0.55,0.03
Super 8 Crete Ne,0.33,0.62,0.05
H��tel Marinca and Spa,0.32,0.48,0.2
Hyatt Place Pittsburgh Cranberry,0.47,0.51,0.02
Four Seasons Hotel St. Louis,0.51,0.47,0.02
El Dorado Seaside Suites By Karisma - All Inclusive,0.46,0.49,0.05
Courtyard San Marcos,0.43,0.4,0.17
Fairfield Inn Suites Spearfish,0.33,0.58,0.09
Best Western Hospitality Hotel and Suites,0.39,0.6,0.01
Hotel Adler Cavalieri,0.46,0.51,0.03
Royal Inn Motel,0.18,0.15,0.67
Ambiance,0.0,0.0,1.0
Rodeway Inn Bushnell,0.0,0.0,1.0
Microtel Inn By Wyndham Knoxville,0.31,0.67,0.02
Candlewood,0.0,0.33,0.67
Menehune Reservations,0.36,0.46,0.18
Staybridge Suites Chicago - Glenview,0.39,0.56,0.05
Riverside Lodge,0.0,0.33,0.67
Patalya Thermal Resort,0.31,0.52,0.17
H��tel Les Bruy��res,0.46,0.49,0.05
Comfort Inn Birmingham - Irondale,0.37,0.6,0.03
Super 8 Madison,0.4,0.56,0.04
Comfort Inn & Suites,0.36,0.55,0.09
Concord Apartments By Boq Lodging,0.0,0.0,1.0
Holiday Inn Express & Suites West Monroe,0.38,0.6,0.02
Double Eagle Hotel and Casino,0.39,0.57,0.04
Rainbow Motel,0.0,0.5,0.5
"Country Inn & Suites By Carlson, Rocky Mount, Nc",0.42,0.53,0.05
Ip Casino Resort Spa,0.45,0.54,0.01
La Quinta Inn & Suites Bryant,0.51,0.46,0.03
Travelodge Anaheim Convention Center,0.32,0.67,0.01
Hampton Inn Tucson-airport,0.47,0.52,0.01
Beacon Motel,0.0,0.33,0.67
Super 8 Sallisaw,0.0,0.0,1.0
Wilshire Inn Motel,0.06,0.44,0.5
Palm Suites,0.38,0.6,0.02
Hampton Inn & Suites-downtown-tutwiler,0.48,0.5,0.02
Narcis,0.34,0.49,0.17
Econo Lodge Big Spring,0.0,0.0,1.0
La Quinta Inn and Suites Miami Cutler Bay,0.38,0.59,0.03
Candlewood Suites Fort Smith,0.0,0.0,1.0
Courtyard Burlington Harbor,0.46,0.51,0.03
Terrace Inns Suites,0.0,0.33,0.67
Rapid City Days Inn,0.2,0.4,0.4
Foxburg Inn,0.0,0.33,0.67
Aspen Haus Bed and Breakfast,0.47,0.44,0.09
Fort's Cedar View,0.18,0.15,0.67
Best Western Eufaula Inn,0.42,0.48,0.1
Terry Peak Ski Area,0.0,0.5,0.5
Super 8 - Effingham,0.4,0.57,0.03
Best Western Plus Kelly Inn,0.45,0.53,0.02
Days Inn Fort Wayne,0.31,0.66,0.03
Courtyard Columbus Worthington,0.38,0.55,0.07
Super 8 Bradenton Sarasota Area,0.29,0.68,0.03
Chalfant House,0.0,0.33,0.67
Hotel Corpus Christi,0.14,0.36,0.5
Sleep Inn,0.0,0.0,1.0
Bay Haven Inn Bed Breakfast,0.0,0.33,0.67
Hampton Inn & Suites Millington,0.0,0.0,1.0
Holiday Inn Express Suites Woodland Hills,0.0,0.0,1.0
Best Western Plus Humboldt House Inn,0.38,0.53,0.09
Red Lion Anaheim Maingate Hotel,0.22,0.38,0.4
Albert's Motel,0.0,0.33,0.67
Octagon Inn,0.28,0.22,0.5
Budget Inn,0.33,0.55,0.12
Towneplace Suites,0.0,0.33,0.67
Hitching Horse Inn,0.34,0.46,0.2
Homewood Suites By Hilton Indpls Airport / Plainfield In,0.46,0.5,0.04
Kit Carson Lodge Restaurant,0.0,0.33,0.67
Watermark Bed Breakfast,0.0,0.33,0.67
Super 8 - Upland,0.23,0.74,0.03
Bailey House Bed & Breakfast,0.46,0.46,0.08
Microtel Inn Suites By Wyndham San Antonio By Seaworld,0.44,0.52,0.04
Comfort Hotel Bernau,0.15,0.18,0.67
Miami Executive Hotel,0.28,0.22,0.5
Extended Stay America Princeton - West Windsor,0.06,0.44,0.5
Mercure Curitiba Golden Hotel,0.45,0.51,0.04
Sheraton Baltimore North Hotels,0.0,0.33,0.67
Sids Resort,0.0,0.33,0.67
Hampton Inn & Suites Douglas,0.0,0.33,0.67
Comfort Inn Humboldt Bay,0.43,0.49,0.08
Super 8 Big Cabin Vinita Ok,0.37,0.61,0.02
Radisson Blu Conference and Airport Hotel,0.4,0.56,0.04
Days Inn North Columbia Ft. Jackson,0.34,0.63,0.03
Campanile Lyon Ecully,0.36,0.6,0.04
La Brea Hotel,0.15,0.18,0.67
Microtel Inn By Wyndham Southern Pines,0.32,0.48,0.2
Homewood Suites Dallas-market Center,0.44,0.47,0.09
Websters Manor,0.46,0.46,0.08
Holiday Inn Express & Suites Lawrence,0.0,0.0,1.0
Bethesda Gardens,0.0,0.33,0.67
Homestead Studio Suites,0.0,0.0,1.0
Bayside Resort Hotel,0.45,0.54,0.01
Super 8 Batesville Ar,0.32,0.65,0.03
Gateway Studios,0.0,0.33,0.67
Sunset Inn,0.23,0.64,0.13
Simpson House Inn,0.52,0.46,0.02
Longville Inn,0.38,0.4,0.22
A Bed & Breakfast In Cambridge,0.38,0.58,0.04
Clatskanie River Inn,0.48,0.48,0.04
Jellico Days Inn North Tennessee,0.0,0.0,1.0
Mountaintop Lodge Bed Breakfast,0.0,0.33,0.67
Inn At Mendenhall,0.48,0.49,0.03
Hampton Inn Waco,0.0,0.0,1.0
Roy-el Motel,0.0,0.33,0.67
Comfort Inn and Suites Bend,0.44,0.53,0.03
Eaglecrest Ski Area,0.46,0.46,0.08
Magnuson Hotel Summerton,0.09,0.51,0.4
La Quinta Inn and Suites Hopkinsville,0.45,0.52,0.03
Lindy Motel,0.0,0.5,0.5
Lighthouse Motel,0.07,0.53,0.4
Cal Neva Resort,0.0,0.33,0.67
Park Terrace Suites,0.14,0.36,0.5
Fairfield Inn & Suites Des Moines Airport,0.0,0.6,0.4
Super 8 Blackwell Ok,0.35,0.59,0.06
Sand Dunes Motel,0.04,0.29,0.67
Nantahala Cabins Inc,0.0,0.33,0.67
Holiday Inn,0.06,0.44,0.5
Holiday Inn & Suites Green Bay Stadium,0.0,0.0,1.0
Cliffrose Lodge Gardens,0.52,0.47,0.01
"The Ritz-carlton Orlando, Grande Lakes",0.0,0.0,1.0
Super 8 Belle Fourche,0.29,0.68,0.03
Merritt House Inn,0.44,0.53,0.03
Comfort Suites Shreveport,0.39,0.52,0.09
Budget Host,0.0,0.33,0.67
Holiday Inn Express Hotel & Suites Bloomington-normal,0.0,0.0,1.0
Knights Inn - Wilmington,0.11,0.22,0.67
Pizza Hut,0.24,0.47,0.29
Comfort Inn Montgomery,0.36,0.6,0.04
Spinners Tailspin Inn,0.18,0.15,0.67
Triangle Motel,0.11,0.22,0.67
Residence Inn By Marriott Hartford Downtown,0.48,0.48,0.04
Great American Inn Suites,0.19,0.64,0.17
Hunting Lodge,0.0,0.33,0.67
Keyser Inn Inc,0.0,0.33,0.67
Patriots Inn,0.38,0.47,0.15
Super 8 Indianapolis,0.38,0.59,0.03
Holiday Inn Express Lubbock South,0.38,0.45,0.17
Stay Inn,0.04,0.29,0.67
Southside Motel,0.35,0.48,0.17
Residence Inn By Marriott Springdale,0.47,0.49,0.04
La Playa,0.0,0.33,0.67
Wingate By Wyndham Lagrange,0.46,0.49,0.05
Bear Cove Inn,0.39,0.46,0.15
Hyatt House Colorado Springs,0.47,0.51,0.02
Antlers Inn,0.4,0.5,0.1
Marylander Hotel Condo,0.39,0.48,0.13
Drury Inn & Suites Sikeston,0.49,0.46,0.05
Garden of The Gods Club & Resort,0.51,0.48,0.01
Sands Central Inn Hot Springs,0.15,0.52,0.33
Hamton Inn New Orleans Westbank,0.0,0.33,0.67
Holiday Inn Manhattan 6th Ave - Chelsea,0.3,0.55,0.15
Vacation Side Travel,0.37,0.3,0.33
Holiday Inn Express - Hillsboro,0.45,0.51,0.04
Sky Vue Motel,0.0,0.33,0.67
Blue Boar Inn,0.47,0.42,0.11
Hampton Inn Ft Chiswell,0.41,0.54,0.05
Fitzgerald's Restaurant,0.0,0.5,0.5
Super 8 Fort Collins,0.37,0.61,0.02
Inter-hotel Orl��ans Nord,0.39,0.58,0.03
Best Western Rama Inn & Suites,0.0,0.0,1.0
Clarion Inn Strasburg - Lancaster,0.0,0.33,0.67
Red Roof Inn Erie,0.46,0.53,0.01
Holiday Inn Express & Suites South Portland,0.0,0.0,1.0
The Parkview Memphis,0.0,0.33,0.67
"Club Quarters, Rockefeller Center",0.11,0.22,0.67
Hampton Inn Dublin,0.43,0.54,0.03
Agate Beach Motel,0.47,0.44,0.09
Newark Budget Inn,0.0,0.33,0.67
Knights Inn Eau Claire,0.33,0.64,0.03
Laurel Manor Motel,0.0,0.33,0.67
Hampton Inn and Suites Annapolis,0.43,0.56,0.01
Riverside Motel and Cabins,0.0,0.0,1.0
Mineola Motel,0.28,0.22,0.5
Towneplace Suites Albany University Area,0.43,0.55,0.02
Monterey Beach Dunes Inn,0.3,0.68,0.02
Drury Inn & Suites San Antonio Northwest Medical Center,0.0,0.0,1.0
H��tel Sezz Paris,0.46,0.5,0.04
Hudson Hotel - Book Direct,0.0,0.0,1.0
Super 8 Kansas City Airport,0.27,0.7,0.03
Best Western Hotel De Neuville,0.44,0.53,0.03
Mccamly Plaza Hotel,0.39,0.59,0.02
Wingate By Wyndham Pueblo,0.48,0.5,0.02
Days Inn Lincolnton,0.28,0.62,0.1
Hotel Roc Flamingo,0.39,0.58,0.03
Lexington Inn,0.0,0.33,0.67
"Nippersink Country Club, Inc.",0.41,0.46,0.13
Sterling Motel,0.09,0.62,0.29
Campus Inn & Suites Eugene Downtown,0.36,0.62,0.02
Days Inn Branson Mo,0.0,0.0,1.0
Mt. Washington Bed and Breakfast,0.44,0.45,0.11
Super 8 Metropolis,0.39,0.59,0.02
Melody Lodge Cabins,0.0,0.33,0.67
Sand's Motel,0.26,0.41,0.33
Travelodge Ruther Glen,0.3,0.61,0.09
Texan Inn,0.0,0.0,1.0
Hotel Garibaldi,0.42,0.55,0.03
Lake Raystown Resort Lodge & Conference Center,0.0,0.0,1.0
Central House,0.0,0.5,0.5
The Concorde Inn,0.21,0.65,0.14
Economy Motel,0.0,0.33,0.67
Hampton Inn Virginia Beach Oceanfront North,0.56,0.43,0.01
Irish House Hotel,0.0,0.33,0.67
Clubhouse At River Country Est,0.0,0.5,0.5
Sleep Inn At Harbour View,0.4,0.57,0.03
Hotel Lavonia,0.32,0.63,0.05
Courtyard By Marriott Rockaway Mount Arlington,0.45,0.52,0.03
Fiesta Inn and Suites,0.16,0.84,0.0
Hilton Garden Inn Oconomowoc,0.45,0.52,0.03
P K Motel,0.0,0.33,0.67
Candlewood Suites Indianapolis Northwest,0.44,0.48,0.08
Holiday Inn Fond Du Lac,0.42,0.57,0.01
Arizona Inn of Prescott Valley,0.34,0.64,0.02
Koehne Dexter Terrie,0.0,0.33,0.67
Microtel Inn and Suites By Wyndham Burlington,0.36,0.61,0.03
The Inn At Bella Vista,0.51,0.44,0.05
Brasstown Valley Golf Club,0.0,0.5,0.5
Quality Inn Long Beach Airport,0.31,0.67,0.02
Calloway Inn,0.0,0.33,0.67
Grandison Bed Breakfast,0.18,0.15,0.67
Days Inn Tallulah,0.0,0.0,1.0
Twin Gables of Woodstock,0.38,0.47,0.15
Happy Tails Hotel & Playland,0.0,0.0,1.0
Baymont Inn and Suites Boone,0.31,0.67,0.02
Springhill Suites Marriott Colorado Springs South,0.46,0.47,0.07
Brightwood Inn Country Inn,0.5,0.42,0.08
Motel 6 Fort Bragg,0.25,0.66,0.09
Westernaire Motel,0.22,0.28,0.5
Super 8 Columbia East,0.37,0.52,0.11
Holiday Inn Express Hotel and Suites Va Beach Oceanfront,0.56,0.43,0.01
Hotel Valencia Santana Row,0.48,0.51,0.01
New York Marriott Marquis,0.36,0.63,0.01
Holiday Inn Express & Suites Willows,0.18,0.15,0.67
Hampton Inn Grand Junction Downtown/historic Main Street,0.44,0.53,0.03
Holiday Inn Express Suites Floresville,0.0,0.33,0.67
Villager Inn Motel,0.03,0.47,0.5
Lamothe House,0.45,0.53,0.02
Dor-shada Resort By The Sea,0.31,0.54,0.15
Hi-way Inn of Kiowa,0.0,0.33,0.67
Sleep Inn Slidell,0.39,0.57,0.04
Knights Inn New Castle/wilmington,0.07,0.53,0.4
"La Posada Lodge & Casitas, An Ascend Hotel Collection Member",0.03,0.47,0.5
Comfort Inn Huntingdon,0.44,0.53,0.03
Mericana Motel,0.0,0.33,0.67
Hilton Americas-houston,0.41,0.47,0.12
Casino Queen Rv Park,0.0,0.0,1.0
Quality Inn and Suites Irvine Spectrum,0.35,0.63,0.02
Marriott Springhill Marina,0.0,0.33,0.67
Hampton Inn Suites Columbus,0.39,0.44,0.17
Milliken Creek Inn,0.0,0.0,1.0
Intown Suites Nashville North,0.17,0.5,0.33
The Desmond House Bed & Breakfast,0.0,0.33,0.67
The Booker-lewis,0.4,0.45,0.15
Shamrock Hill Inn,0.0,0.33,0.67
Econo Lodge Bellmawr,0.34,0.63,0.03
Crossland Economy Studios - Lake Charles - Sulphur,0.25,0.72,0.03
Hotel Columbia,0.5,0.46,0.04
Raton Pass Inn,0.45,0.42,0.13
Sumner Motor Inn,0.38,0.45,0.17
Days Inn-amarillo-medical Ctr,0.0,0.0,1.0
Best Western Silicon Valley Inn,0.44,0.52,0.04
Days Inn Lanham Washington Dc,0.36,0.61,0.03
Cliffs 7305 By Redawning,0.42,0.45,0.13
La Quinta Inn Auburn Worcester,0.38,0.61,0.01
Dockers Inn,0.45,0.54,0.01
Spring Bay Inn,0.0,0.33,0.67
Candlewood Suites Eugene Springfield,0.79,0.18,0.03
Anaheim Marriott Suites,0.48,0.51,0.01
Monarch Inn,0.32,0.65,0.03
Yakima Inn,0.04,0.29,0.67
Homeplace Inn and Suites,0.0,0.0,1.0
Innpoints Worldwide,0.0,0.0,1.0
Wingate By Wyndham Chantilly / Dulles Airport,0.46,0.51,0.03
Days Inn and Suites Albany,0.22,0.76,0.02
Holiday Inn Express San Clemente,0.47,0.52,0.01
The Westin Buckhead,0.45,0.51,0.04
Hyatt Place Atlanta/alpharetta/north Point Mall,0.46,0.53,0.01
Eldorado Inn,0.35,0.5,0.15
Americas Best Value Inn - Medical Center/airport,0.4,0.57,0.03
Outside Inn,0.11,0.39,0.5
Point Randall Resort,0.5,0.41,0.09
Courtyard By Marriott Downtown Boise,0.46,0.51,0.03
The Abbey Resort,0.51,0.45,0.04
Crossroads Hotel,0.04,0.29,0.67
Helios Resort,0.17,0.33,0.5
Best Western Plus Circle Inn,0.44,0.48,0.08
Fairfield Inn and Suites By Marriott Idaho Falls,0.46,0.5,0.04
Greenstay Hotel and Suites,0.48,0.49,0.03
Pine Shadows Motel,0.0,0.33,0.67
Beach Cove 411 Tower A Sierra's 1 Bedroom Condo By Prista Management,0.46,0.51,0.03
Residence Inn By Marriott Fort Lauderdale Weston,0.48,0.5,0.02
Petretti Apartments,0.17,0.33,0.5
Extended Stay America - Bloomington - Normal,0.0,0.0,1.0
40 Berkeley Hostel,0.37,0.62,0.01
La Quinta Inn & Suites Chicago Tinley Park,0.0,0.0,1.0
Welcome Inn Apartments,0.0,0.33,0.67
Candlewood Suites Lexington,0.47,0.48,0.05
Quinta Real Acapulco,0.45,0.52,0.03
Forest Hill Inn,0.33,0.45,0.22
Clarion Suites Philadelphia,0.3,0.53,0.17
Sportsmen's Lodge,0.35,0.64,0.01
Port-o-call Motel,0.0,0.33,0.67
Drury Inn and Suites Columbus Convention Center,0.5,0.49,0.01
Avalon Hotel Group,0.0,0.33,0.67
Elba Sara Beach & Golf Resort,0.42,0.53,0.05
Good Nite Inn Rohnert Park,0.37,0.62,0.01
The Merritt Center and Lodge,0.18,0.15,0.67
Rustic Inn,0.3,0.55,0.15
Liberty Lodge,0.0,0.33,0.67
Comfort Suites Fort Pierce,0.46,0.51,0.03
Twin Pines Motel,0.22,0.6,0.18
Best Western Hartford Hotel & Suites,0.43,0.54,0.03
Courtyard By Marriott,0.15,0.18,0.67
La Quinta Inn and Suites Meridian,0.38,0.6,0.02
Residence Inn By Marriott Tucson Williams Centre,0.49,0.43,0.08
Hampton Inn Rockford,0.48,0.44,0.08
Red Roof Inn Cedar Rapids,0.24,0.74,0.02
Lewis River Inn,0.42,0.52,0.06
Tmc Resort Rentals,0.0,0.33,0.67
Homewood Suites By Hilton Albuquerque - Journal Center,0.45,0.51,0.04
Desert Motel Restaurant,0.18,0.15,0.67
Hyatt Dulles,0.52,0.42,0.06
West Side Motel,0.0,0.5,0.5
Casa Del Mar Inn Bandb,0.43,0.55,0.02
Holiday Inn Express and Suites Gahanna/columbus Airport E,0.45,0.52,0.03
Rodeway Inn Near Venice Beach,0.0,0.33,0.67
Citrus Hills Lodge Hernando,0.0,0.0,1.0
Econo Lodge Miles City,0.41,0.56,0.03
Atlanta Marriott Northwest At Galleria,0.0,0.33,0.67
Ibis Wuerzburg City,0.41,0.56,0.03
Hotel Eug��ne En Ville,0.47,0.5,0.03
Super 8 Chicago O'hare Airport,0.28,0.22,0.5
Comfort Inn and Suites,0.45,0.53,0.02
Pine Motel,0.04,0.29,0.67
Nesco Manor Hotel,0.0,0.33,0.67
Busy B Ranch,0.0,0.33,0.67
Best Western University Inn & Suites,0.45,0.5,0.05
Rodeway Inn Airport,0.0,0.0,1.0
Starwood Resorts Hotel,0.0,0.33,0.67
City Express Irapuato,0.44,0.52,0.04
Days Inn Statesville,0.0,0.0,1.0
The Lake Point Conference Center,0.38,0.45,0.17
Super 8 Gretna,0.31,0.59,0.1
Royal Dutch Inn,0.3,0.37,0.33
Sea View Motel,0.43,0.52,0.05
Castle Kona Reef,0.38,0.59,0.03
Brookside Motel,0.0,0.33,0.67
Acorn Motor Inn,0.38,0.53,0.09
Torian Plum By Wyndham Vacation Rentals,0.0,0.33,0.67
The Savoy Hotel,0.48,0.5,0.02
Holiday Inn Express & Suites Crossville,0.45,0.51,0.04
Holiday Inn Express Hotel and Suites Hesperia,0.41,0.56,0.03
Best Western Saint-etienne Aeroport,0.42,0.54,0.04
Mission Sands Vacation Rentals,0.0,0.0,1.0
River Oaks Golf Villas,0.0,0.33,0.67
Holiday Inn Victorville,0.44,0.53,0.03
Quality Inn and Suites Big Rapids,0.41,0.56,0.03
Residence Inn Burlington Colchester,0.45,0.46,0.09
Wakonda Hotel & Bar,0.0,0.33,0.67
Inturotel Esmeralda Park,0.49,0.47,0.04
Knights Inn Carmel Hill,0.34,0.64,0.02
Five Seasuns Bed & Breakfast Inn,0.37,0.49,0.14
Summit At Big Sky,0.47,0.47,0.06
Holiday Inn Express Hotel and Suites Cambridge,0.43,0.56,0.01
Breakers Hotel,0.06,0.44,0.5
Holiday Inn Express Hotel & Suites Emporia,0.45,0.52,0.03
The Dec,0.0,0.33,0.67
Lazy T Motel,0.08,0.42,0.5
Cherokee Lodge Bed and Breakfast,0.48,0.5,0.02
Beach Haven Vacation Rental House,0.0,0.0,1.0
Sonoma Coast Villa Spa,0.46,0.37,0.17
Ambassador Inn Albuquerque,0.26,0.45,0.29
Quality Inn Gulfport,0.33,0.64,0.03
Super 8 Van Horn,0.0,0.0,1.0
Residence Inn By Marriott Deptford,0.43,0.54,0.03
Rock A Bye Inn,0.0,0.33,0.67
Holiday Inn Express Hotel and Suites Meadowlands Area,0.47,0.5,0.03
Sky-lit Motel,0.06,0.44,0.5
Simoni's Fremont Inn,0.0,0.33,0.67
Elk Springs Resort,0.48,0.51,0.01
Extended Stay America Grand Rapids - Kentwood,0.0,0.5,0.5
